ret,hi,lo,inner,year,fee7,samples
0.36372201174654717,0.84872812556377175,-0.59363160743279175,0.60162968308375886,2016,0.016697736885360914,540
0.8644083107497742,0.96626518117033255,-0.61726387634246305,0.61726387634246305,2016,0.016511091036836293,540
0.43355222326773307,0.60949168151514077,-0.35818534905604416,0.4101883921600073,2016,0.016536867604957057,540
-0.36344122691756015,0.020000601823527617,-0.59787155079891841,0.61787215262244599,2016,0.016499994984803954,540
0.39618171963142151,0.85585088229979545,-0.21164153935720176,0.74995483106818928,2016,0.016582016742617389,540
0.18133843365410612,0.74694331233790123,-0.05003855281736095,0.63545056727717153,2016,0.016612759480488268,540
0.29430563625798956,0.29430563625799366,-0.36408263038730315,0.48429141036687118,2016,0.016409865956039993,541
-0.31843782570351958,1.0871382185520659,-0.31843782570351958,1.4055760442555856,2016,0.016064699751463161,540
-1.0039926967757469,0.28606970165125445,-1.0039926967757498,1.2900623984270041,2016,0.016010914708773898,224
-1.0035055036407159,0.3184199192732573,-1.0035055036407159,1.3219254229139732,2016,0.015914986528850296,292
1.9891543823105273,2.1152559685947683,-0.16016063130909267,0.66013058804678026,2016,0.015562409870213109,540
0.5376344086021505,0.58567043813192043,-0.39006580003210223,0.90794013801958706,2016,0.015938452896806291,540
0.56960669489574256,0.88617275794067363,-0.21846501896954387,0.56656356046727718,2016,0.015906383575082336,540
0.19816699793210063,1.1159629785781657,-0.1060350539059253,1.0732698909835554,2016,0.015810395711618384,541
0.26326653306613229,0.29536072144288983,-0.34641282565128917,0.44854709418837091,2016,0.015921843687374749,540
-0.57988557663354412,0.43348389039446417,-0.96763023185787711,1.4011141222523413,2016,0.015597711532670883,540
1.3773764258555132,1.5146087652591671,-0.02799679807884323,0.54681809085450328,2016,0.015759455673404043,536
0.59329155176736026,1.0149912258711427,-0.062000501378793427,0.87034344447229584,2016,0.015863624968663823,539
-0.10258953168044077,0.61913348359629639,-0.3914049586776871,1.0105384422739836,2016,0.015567242674680692,539
1.7213722064935848,1.7213722064935959,-0.04399333373490797,0.75031624600927715,2016,0.015109531554324037,538
0.94323270982156282,0.95726923886144,-0.13804089729590263,0.28361603430483795,2016,0.015288896013465451,540
-0.54081929256582706,0,-0.83001734005553407,0.83001734005553407,2016,0.015295332217422247,540
0.79008294230057319,0.85650681847743049,-0.049905451780398111,0.55219161772504322,2016,0.015547929444016449,541
-0.78128421200646825,0.17194138384741553,-0.83976979399978491,1.0117111778472005,2016,0.015186364412482551,539
0.12070276543802777,0.38941249449714493,-0.3717032857085632,0.76111578020570814,2016,0.014987793652699404,540
-0.18223131790411415,0.091953331126296389,-0.62463257792357563,0.71658590904987207,2016,0.01516838715502453,540
0.031564909606842405,0.67582797725882104,-0.21612136647581354,0.80218788541175656,2016,0.015230971312831517,539
0.25644155818165443,0.31218667760689756,-0.2534496732941689,0.32526491689764314,2016,0.015339663988312637,539
0.13138972020808645,0.20771486532629174,-0.25841083013637867,0.46612569546267041,2016,0.015395585192921847,540
0.077503683730441142,0.5640668384070352,-0.39847438429076798,0.48656315467659406,2016,0.01522608582340146,538
0.61443975433612741,1.3282453437893793,-0.25994758637246151,1.0557745013703561,2016,0.014913877608178127,539
-0.11833603392746404,0.2971253675808655,-0.41226069735341603,0.56154353957870562,2016,0.014843265518414051,540
1.5209008360334413,2.1217648705948169,-0.2134585383415453,1.1875675027001122,2016,0.014630585223408935,540
-0.99833802224647339,3.1204132918172598,-0.99833802224647339,4.1187513140637328,2016,0.014787597240716453,426
0.41591050217334691,0.86607375358050465,-0.53068725837791186,0.83329327163831779,2016,0.014372133084950821,539
-0.48504850485048506,0.41391139113912384,-0.66604660466046195,1.0799579957995857,2016,0.014351435143514349,536
0.58005267743583078,0.73598189338328213,-0.31216888826574252,0.5958058345768209,2016,0.014090713348622474,540
0.55040448039825762,0.55439910070858878,-0.86915109300038251,1.3007808579400502,2016,0.014753999638677561,540
-0.26469910999429352,0.34718231601710747,-0.63748035279865722,0.83461311281748207,2016,0.014856788170632814,540
-0.5544102178812923,1.0975607312797389,-0.61029802153768686,1.7078587528174256,2016,0.014795892812421737,540
-0.9975222446256784,1.03968421158226,-0.9975222446256784,2.0372064562079384,2016,0.01467593567867425,398
0.36095047523761881,0.64169084542270671,-0.028004002001005741,0.47430715357678083,2016,0.014147073536768385,535
-0.32160006429188515,0.09395656279508853,-0.63976453097060715,0.73372109376569572,2016,0.014274807626624876,540
-0.28645734157805597,0.77264208616870655,-0.4331485954239902,1.2057906815926969,2016,0.01403072729277117,539
0.75138138138138133,0.79904904904904905,-0.55925925925927089,0.57526526526526756,2016,0.014014014014014014,540
0.43286132076419803,0.49429665437224113,-0.27737857150035677,0.55944041888184626,2016,0.01406992753987317,539
-0.33311969235699407,0.14201450088126671,-0.62066375580836819,0.76267825668963485,2016,0.014300592853709344,537
0.16885029148386321,0.50190315924433804,-0.065168179177432201,0.37062523789490032,2016,0.014233627822184826,541
0.10762812991987805,0.50257212478566382,-0.16804548599621125,0.5149865126400105,2016,0.014319665473361212,540
-0.16510878404835291,0.17378339574903515,-0.66703145550747012,0.84081485125650524,2016,0.014337205449744482,538
0.011585567692816949,0.17937066795061538,-0.4847883000812524,0.4847883000812524,2016,0.014253759040253578,540
0.089397464698331194,0.22905969191270276,-0.62868060012836502,0.62868060012836502,2016,0.014110638639281128,540
-1.0024812649428405,0.040001607297121364,-1.0024812649428405,1.0424828722399619,2016,0.014204488377232637,56
-0.26032242227499069,0.097397978097735025,-0.94968288797378064,0.94968288797378064,2016,0.014377749055677454,540
-0.14281131262093094,0.095862532206477724,-0.91801257180667317,1.0138751040131508,2016,0.014596930233490731,539
0.53831756993444435,0.60409347945754066,-0.29039683731172372,0.42631236551068119,2016,0.014502326977931241,540
0.84199548759087484,0.91387315116572088,-0.082005515166692688,0.21032840310854856,2016,0.014459764351967911,540
0.097392315247238986,0.097392315247238986,-0.55281513699865759,0.55281513699865759,2016,0.014591810146118538,540
0.12951044471358361,0.39129390333008995,-0.18595293623069337,0.39129390333008995,2016,0.014713683725865056,540
-0.40959372586775783,0.071988045451367846,-0.53374251587086385,0.60573056132223169,2016,0.014461794586354564,540
-0.28095032916821144,0.067637303726564929,-0.47309037345812466,0.52555688046735394,2016,0.014449332144252832,541
2.120922999749185,2.8525006270378692,-0.095781289189868238,1.0686932530724724,2016,0.014607474291447204,540
0.1661888532477947,0.77645348837210404,-0.13237770649558708,0.79492782678428631,2016,0.015156375300721732,540
0.20437043704370436,0.79190919091909362,-0.35630563056306042,0.77838783878389062,2016,0.015331533153315332,540
0.81963797369449154,0.9227263165275974,-0.35416270147353757,0.63012010778646943,2016,0.015847416029731436,538
-0.29526738664369157,0.32111442825943104,-0.64596565749663748,0.96708008575606852,2016,0.01577871726542307,541
0.38600018002340303,0.7276545950973603,-0.23015992078970732,0.70687189334613376,2016,0.015892065968575914,541
0.049620080595039993,0.21010846247920548,-0.6439283065017295,0.85403676898093495,2016,0.01599871689488562,539
1.7862544059609766,1.815737941976888,-0.075998433436090237,0.76755605989093967,2016,0.016097448308412251,541
-0.27537480958871158,0.21912330634169222,-0.81227451294797171,1.031397819289664,2016,0.016345305860659024,540
-0.79065300896286816,0.021997039052487483,-0.92264524647887913,0.94464228553136664,2016,0.016455265685019205,540
1.4058486227015738,3.5266973960373229,-0.18616374938490055,2.1208487733357488,2016,0.016308659456311068,540
0.012875106457592305,0.78349782075046459,-0.0032162717298796681,0.7867140924803443,2017,0.016412003406642953,540
-1.0053230948132406,0.18167692523609127,-1.0053230948132406,1.1870000200493318,2017,0.016280048920344046,367
0.9828323600997606,0.9828323600997606,-0.32904977012991327,0.5121946333597045,2017,0.015985737036628971,540
0.73441508980115455,0.87180283835791306,-0.064003367543297565,0.8637648332264144,2017,0.016136144964720971,540
0.37221124825781354,0.88277466384573922,-0.08205071642719089,0.51056341558793383,2017,0.01586267058387061,541
0.14485526513821304,0.42490342647869955,-0.48672051372096176,0.91162394019966131,2017,0.015732704560276929,540
1.0966737637086732,1.0966737637086836,-0.38199493833606435,0.45738761900936764,2017,0.015817699754951189,540
0.17945502337620645,0.20357365009932729,-0.40275297469751625,0.6025844252262329,2017,0.016012199771254287,541
0.18093937903412,0.74194681737419099,-0.26230939880946169,0.81617964444532909,2017,0.015880504722994609,541
0.047523185705987223,0.055565570979304049,-0.53029665685154725,0.53029665685154725,2017,0.01577429241031188,541
-0.34273214393224827,0.15600353207971379,-0.46258203054446206,0.61858556262417586,2017,0.016014770515161852,540
0.83912576856337573,1.0201406232760679,-0.45850008525661778,0.48849035597147827,2017,0.016078395971875346,541
-0.31801522130983373,0.030012016823554141,-0.7386340877228178,0.76864610454637194,2017,0.016052473462847987,538
0.35294117647058826,0.35294117647058826,-0.78420334356873855,0.82811527886487246,2017,0.015523712043671102,540
-0.080289704085108091,0.25777853465029327,-0.91559313204976656,1.1733716667000598,2017,0.015567086730911787,540
0.57326943663521857,0.57326943663521857,-0.092033255630151412,0.29187718227567483,2017,0.015547307234400169,540
0.31167971765743907,0.60902172714238267,-0.53650099762376158,0.53650099762376158,2017,0.015510793386606775,541
-0.12791269689881232,0.56760067063559316,-0.20231509833646638,0.76991576897205949,2017,0.015320208419087013,541
-0.49673196062313291,0,-0.81399242135654237,0.81399242135654237,2017,0.015297632175150873,540
0.14284856731230991,0.14284856731230991,-0.46746438290379905,0.56142948615335708,2017,0.015267328317592446,541
0.44921330512128838,0.45739613521725148,-0.47821421766729638,0.60426590186619378,2017,0.015372890364115883,540
0.4041665412892807,0.84206461448961256,0,0.54542171937531858,2017,0.015516705282901532,540
-0.020420841683366733,0.089669338677359961,-0.72847695390780509,0.76447895791582865,2017,0.015781563126252503,540
-0.20899931899210833,0.6058867123342454,-0.79558746945479664,1.4014741817890419,2017,0.015983655810599687,541
-1.0073777403035413,0.11001365132898826,-1.0073777403035413,1.1173913916325295,2017,0.015598650927487353,312
0.58900302963423679,1.0470295539816588,-0.22422302923297013,0.61500571818382754,2017,0.01551935153789049,540
0.21761963828425099,0.32422375160052208,-0.22311139564660051,0.54733514724712262,2017,0.01568501920614597,540
-1.0002506240538942,0.061984341009114444,-1.0002506240538942,1.0622349650630087,2017,0.015578791190063258,371
1.2117990431581798,1.3787649318475856,-0.087800768281805108,0.3968787298275851,2017,0.015305457207907488,532
-1.0030230532838167,0,-1.0030230532838167,1.0030230532838167,2017,0.015415569725422679,339
-0.99940904856819479,0.026011879125393048,-0.99940904856819479,1.0254209276935879,2017,0.015284608219232967,412
0.59532094543777136,0.64904082389867324,-0.047993902989340843,0.23677058994594979,2017,0.015583477903350348,536
-0.082402038482373943,0.061997150939977486,-0.29668345338175922,0.35868060432173671,2017,0.015589574848016693,536
-1.0039722743276724,0,-1.0039722743276724,1.0039722743276724,2017,0.015728601378258822,94
-0.022376597432062079,0.3762862277011908,-0.28646863361209396,0.66275486131328476,2017,0.015811189302601066,517
0.50447139409355379,0.94591265509678601,-0.17526062269045667,0.58478624432940274,2017,0.015842654996645202,512
0.47631734457787883,0.50436193547740682,-0.307689225869129,0.36904678438718208,2017,0.015845193858234592,508
0.50226520998296076,0.61399218201864458,-0.030009020747722086,0.2653102134910264,2017,0.015645985767264708,504
0.45175108596422592,0.45175108596422592,-0.014365826988099021,0.23963443384397218,2017,0.015519507228057504,511
-1.0040148146661181,0.029920406299227272,-1.0040148146661181,1.0339352209653454,2017,0.015597554977868336,85
0.26814548521850895,0.68128414203084542,-0.0080032937018006539,0.51504257712081669,2017,0.015464331619537277,513
-0.34665839478871691,0.045978966749034428,-0.70123177601890008,0.74721074276793453,2017,0.015409708116113153,506
0.42149754820853763,0.46128776711488845,-0.39598688366777368,0.45588279534309573,2017,0.015372582052284828,509
1.4349595935349655,1.4965294447111472,-0.21198391742678538,0.43577972475596732,2017,0.015332453192510802,512
-1.0032301102450671,0.079990369857645113,-1.0032301102450671,1.0832204801027123,2017,0.015378133558036656,233
0.95941284992379883,0.95941284992379883,-0.080011229646283655,0.33523502045400433,2017,0.015300393037619316,512
0.90074617908297994,1.037288949347837,-0.1059154197007276,0.96406137472993692,2017,0.015263663279187007,511
-0.41538893794653609,0.077807658344699368,-0.53689692542345968,0.61470458376815906,2017,0.01531267560407803,509
0.31724697817066566,0.53864734299516204,-0.59598693046286,0.67316134463888322,2017,0.01515424860184016,511
-1.0040871250539762,0.45108002530602004,-1.0040871250539762,1.4551671503599963,2017,0.015464797501531419,367
0.56711268450738028,0.64518580743228626,-0.028001120044801792,0.37484499379975372,2017,0.015610624424976998,540
0.40226509646705089,0.46985717865196985,-0.2868654472563279,0.46905537459283386,2017,0.01578551741418191,540
0.047502409251525858,0.10936998072598487,-0.91151019916480214,0.91151019916480214,2017,0.015740443302280759,540
-0.29934606435047739,0.21586897215758238,-0.35755837278345359,0.57342734494103598,2017,0.015796758404878441,541
0.30927040259519206,0.44688967429938475,-0.13039038016760207,0.53219459935720304,2017,0.015769396357519748,540
-1.0012341714996689,0.048012281511500138,-1.0012341714996746,1.0492464530111747,2017,0.015733178142120368,308
0.57928455414970625,0.57928455414970625,-0.18956908824769536,0.28566702091396562,2017,0.015720559042329212,541
-0.44655729804622396,0,-0.63114194494086928,0.63114194494086928,2017,0.015953494909740767,540
-0.098286356024827284,0.4606784385685137,-0.098286356024831364,0.55896479459334503,2017,0.015933178914859271,540
-0.082624848539469872,0.24028399475268877,-0.82397532570274312,1.0642593204554318,2017,0.015912117843802885,540
0.90359957829208293,1.0516993824991092,-0.10803755208595393,0.461780209849881,2017,0.015884331542748129,540
-0.73867686516358977,0.044001041207798137,-0.80522405990950319,0.84922510111730132,2017,0.015628128629209884,540
0.21523998516692222,0.28133738236266059,-0.30408811649979806,0.36008298505667524,2017,0.015574731651583032,539
0.40823819746794804,0.60351919102745855,-0.16614835175860224,0.51463654421058969,2017,0.015659798158142894,540
-0.17482762767577967,0.31581215425317694,-0.60803335204042297,0.92384550629359996,2017,0.015784093642267297,541
0.63630901115628824,0.67844052316381631,-0.25407094357762045,0.33940553207682106,2017,0.01577302862178781,540
-1.0031651592095114,0,-1.0031651592095114,1.0031651592095114,2017,0.015775714414495629,419
0.54545910838511502,0.8173504522320354,-0.24590180390897778,0.6536534928777159,2017,0.015810554423441783,539
-0.30673778382651684,0,-0.75242422119704933,0.75242422119704933,2017,0.015831240180528176,541
0.085428393998277216,0.19567699673469624,-0.43966225284962807,0.63533924958432431,2017,0.015775556401370221,540
-0.028399863664614951,0.068007297952960788,-0.47020670850292012,0.53821400645588091,2018,0.01578884054774746,540
0.17153409204953735,0.85124746592801948,-0.10202525039642268,0.67971337387848219,2018,0.015736336083177777,537
0.17990780639342621,0.77336406453551532,-0.24782042288806785,1.0211844874235831,2018,0.015502555366269164,541
-0.00040016406726757974,0.24783161096048972,-0.58068808211366363,0.61670284816774579,2018,0.015546374013345472,541
0.85114102165786387,0.8511410216578732,-0.47689393559766735,0.47689393559766735,2018,0.015293799296445146,540
0.20754773839060603,0.47589726075556693,-0.24389018914548322,0.49430956374995361,2018,0.015258204172651753,541
-0.9993983454499874,0.33548257708698687,-0.9993983454499874,1.3348809225369742,2018,0.015302080721985462,152
-1.0024965910002406,0.15600184487045451,-1.0024965910002406,1.1584984358706951,2018,0.015300393037619316,31
1.375204373338683,2.0784492702743371,0,1.3066954210341604,2018,0.014955614624605046,540
1.0031401256050241,1.0031401256050301,-0.0060002400096003834,0.24971998879955842,2018,0.014910596423856955,540
0.22336583604189236,0.48709923357810447,-0.45851891978651782,0.94561815336462229,2018,0.014957264957264956,540
0.50496547715680085,0.81510988185071898,-0.45150267063502825,0.76423253063964491,2018,0.014801230596558738,540
0.96194526442187422,0.96577775554111045,-0.68002201430930276,0.82392555160854497,2018,0.014849652273978085,540
0.080887874327936815,0.92809299252096611,-0.11338719851018278,1.0414801910311489,2018,0.014857978153565815,541
0.80979760578785231,1.013817393660251,-0.23415314528833023,0.66445909469479603,2018,0.014820835465647169,536
-1.0038137294259335,0.99626655961460564,-1.0038137294259335,2.0000802890405391,2018,0.014753111200321158,402
-0.034436395015151208,0.942304990869133,-0.034436395015151208,0.97674138588428416,2018,0.014890329313078205,539
0.51748454598195537,0.6309740532538437,-0.27204073058995454,0.61167903654950695,2018,0.014913877608178127,540
-1.003803042433947,0.0099979983987096548,-1.003803042433947,1.0138010408326568,2018,0.014991993594875901,242
0.36741979802842045,0.36741979802842045,-0.13016837650551352,0.31225367790847636,2018,0.015022513713810083,539
0.26506519146548008,0.42639527775272457,-0.36995279757072264,0.39390477335819019,2018,0.015012577292725213,541
-0.38104243588589037,0.0060036622339627171,-0.93835239496092504,0.9443560571948878,2018,0.015269314281711846,538
-0.5920200752823086,0.46724215809285347,-0.73571894604768517,1.2029611041405386,2018,0.015387703889585947,540
0.74311880592224056,1.2713557757894338,0,0.64129518918268968,2018,0.015236929743610321,539
0.32354034210182703,0.35544038328261535,-0.21754502264942749,0.40836271230703486,2018,0.015327286789003728,537
-0.51976067076221155,0.066015648450173575,-0.89165149180557324,0.95766714025574684,2018,0.015338282672643228,540
0.45625200128081972,0.50408261287223299,-0.28769412423950802,0.45339016970860474,2018,0.015479907140569963,539
0.70140836605497237,0.8111026524561169,-0.15045276063788326,0.94541830274861938,2018,0.015285679942303071,537
-1.0021880300703581,0.28304878905582964,-1.0021880300703581,1.2852368191261876,2018,0.015175694799915691,138
0.43677884615384616,0.84332932692307283,-0.18798076923077681,0.45622996794871795,2018,0.015354567307692309,539
-1.0030612654568813,0,-1.0030612654568813,1.0030612654568813,2018,0.015386622771800224,104
-0.99851401146620877,0.10004317399118388,-0.9985140114662141,1.0985571854573979,2018,0.015462313121881182,303
-0.062420573372692252,0.53726922499624585,-0.60893580827538718,0.6817531395407137,2018,0.015410016510731978,541
-1.0017057483720138,0.077992835856833448,-1.0017057483720138,1.0796985842288471,2018,0.015452073487653394,146
0.13151344841429144,0.26390004014451734,-0.21038739462063896,0.47428743476515633,2018,0.015455640305098356,540
0.15896430678761087,0.61020491844266855,-0.055995039553550507,0.50132511926073231,2018,0.015471392425318278,540
1.0168734093505141,1.0606400673333136,0,0.23975471433438089,2018,0.015500691368910443,540
0.065434254631581062,0.091326950482728167,-0.48610023885508724,0.48610023885508724,2018,0.015736336083177777,538
0.32077650792375523,0.32077650792375523,-0.61802277703014785,0.76002771807901015,2018,0.015817382047522446,540
0.1075745124371129,0.1075745124371129,-0.51836002485419264,0.52435308973563011,2018,0.015573951213645748,541
0.019501538276529007,0.2311623758605813,-0.40301842925431519,0.6341808051148965,2018,0.015573170853918848,540
-0.76102569239244755,0.067861972254219458,-0.93648520058096085,1.0043471728351803,2018,0.015495567686683025,540
0.78060778860923419,0.78453321553705768,-0.16999809250354064,0.50676157298182256,2018,0.015531036975312978,540
-0.23672154760237663,0.074089263208426626,-0.46099985996359516,0.53508912317202184,2018,0.01547402324604397,539
0.13723703577615123,0.21510748866037363,-0.6836418980484773,0.73764155760931838,2018,0.015560072493516637,539
-0.0052037900436155814,0.1628916629066946,-0.4725723166391006,0.63061111946658877,2018,0.015651476412493107,540
0.4253849705876448,0.5238109578590191,-0.18602059868699655,0.62630247545624629,2018,0.015599590435463473,540
0.17637872523600254,0.24026708578178127,-0.41100978046510467,0.41899832821118893,2018,0.015556645610803561,540
0.61175115207373265,0.63768783810858898,-0.20563013424164425,0.24564215588058214,2018,0.015638148667601683,540
0.096519511827632978,0.096519511827632978,-0.31331424840540228,0.35323188187434429,2018,0.015679774998744414,541
0.3684990339276597,0.42447116299090537,-0.29168376898358694,0.41366917278179421,2018,0.015767501927139126,540
-1.0002809665248455,0.28792044633538677,-1.0002809665248455,1.2882014128602324,2018,0.015874608653768964,307
0.6647251911452704,0.68060726151875073,-0.51749329490413298,0.51749329490413298,2018,0.015902085585044634,538
0.25728764236616325,0.25728764236616325,-0.44355024835683515,0.50940745572223589,2018,0.015804525613366115,539
0.30674403196337863,0.41198024374083908,-0.21534121709800763,0.33101772843175181,2018,0.015670488084004255,541
-1.0005808480381357,0,-1.0005808480381357,1.0005808480381357,2018,0.015702926272357646,99
-1.0036432789510559,0.012000800720639263,-1.0036432789510559,1.0156440796716952,2018,0.015764187768992091,233
-0.34761737736132686,0.031928646590169446,-0.80392844615923942,0.83585709274940889,2018,0.015713784636969486,541
-0.26852455399673081,0.11801161263148749,-0.65951323218243607,0.77752484481392359,2018,0.015864579468305936,540
-0.99864709124617923,0.017998697198969637,-0.99864709124617923,1.016645788445149,2018,0.015924237109786039,226
-1.0012815121843774,0,-1.0012815121843774,1.0012815121843774,2018,0.015908772351374622,107
0.02752045235803657,0.043892364452983917,-0.42339388835419894,0.46728625280718283,2018,0.015720243824189926,540
0.13559764597184004,0.23800389659950458,-0.034416614778962455,0.27242051137846701,2018,0.015817382047522446,536
0.43513616492199092,0.6310712710062869,-0.013997513335746201,0.29979344643645489,2018,0.015862511530902818,541
-1.0011428456857576,0,-1.0011428456857576,1.0011428456857576,2018,0.015789315395334381,81
0.33225493043800525,0.34836086098617608,-0.24406294133554848,0.48800568915953346,2018,0.01584551127314977,540
0.35363461692418541,0.5276399007285193,0,0.37394924345529534,2018,0.015901449043311186,540
-1.0011708664411665,0,-1.0011708664411665,1.0011708664411665,2018,0.015691611792726618,199
-0.19321012977397117,0.01400798455117962,-0.68949301101629967,0.70350099556747925,2018,0.015478822929069569,185
1.0139978557329086,1.2680734661977218,-0.28594903858679238,0.67098526066872488,2018,0.015500846684902956,540
-1.0025584685308371,0.056015411010431719,-1.0025584685308371,1.0585738795412687,2019,0.01531067834532302,255
0.37918650714257135,1.6348685526789632,-0.28233163939017641,1.9172001920691397,2019,0.015055419951182425,541
0.84708757311112881,1.0299655476323955,-0.055995112571111581,0.69869201185802887,2019,0.015143017386427371,540
0.10358282011675259,0.15352364139701666,-0.56740355874741955,0.60341230516158451,2019,0.01516580071816887,539
1.1855958455723865,1.3423392715716314,0,0.84601349386961211,2019,0.01522822283932671,539
-0.99903693746112632,0,-0.99903693746112632,0.99903693746112632,2019,0.015308681607511889,89
0.42149141727780731,0.54520099922749254,-0.17010945353493004,0.37997732676545248,2019,0.015309449521955919,540
0.035601273770178909,0.11958170512420625,-0.39859563824124095,0.4505710870242185,2019,0.0153997609169538,541
-0.33019699793583035,0.14780857331808273,-0.41221266959259623,0.56002124291067901,2019,0.015361029279143871,541
-0.29930057316926528,0.41637941400455358,-0.29930057316928221,0.71567998717383574,2019,0.015501623311555572,541
0.74861151417506433,0.74861151417506433,-0.026008466010887521,0.30818881405798232,2019,0.015480991503967817,540
0.38753360349877625,0.38753360349877625,-0.33035750110340956,0.39234843317417589,2019,0.015658227340207841,539
-1.0001400574235437,0,-1.0001400574235542,1.0001400574235542,2019,0.015616402725117298,224
0.42871735298830321,0.42877743951288755,-0.28405904502484453,0.44583199807721896,2019,0.015632510815574426,541
0.48469735891466648,0.48469735891466648,-0.25832865055792159,0.34434454523559943,2019,0.015593642128923498,540
-0.025201572465802881,0.63532432107183356,-0.049209755706212631,0.68453407677804623,2019,0.015443860564001767,540
0.67564971129501949,0.67564971129501949,-0.27606600686488397,0.37405557946141121,2019,0.015480991503967817,540
0.49065135402807092,0.64040975980632797,-0.22206660597632669,0.22206660597632669,2019,0.01561609027520733,540
-0.33821071489336152,0,-0.43228879970376172,0.43228879970376172,2019,0.015552908914398953,539
-0.11522274119833258,0.22176686253829425,-0.20003013409672987,0.39103008387322946,2019,0.015679774998744414,537
-0.014397012168186016,0.073561302758914829,-0.32004738765511309,0.32004738765511309,2019,0.01567206136299747,535
-0.023124517403555919,0.12733526539043524,-0.73150088747606457,0.73150088747606457,2019,0.015653673749761836,540
0.081711633129806199,0.38397449393928412,-0.48104590890407906,0.86502040284336323,2019,0.015650534885353066,534
-0.1183766859344894,0.14588350995503707,-0.16232137122673265,0.3082048811817697,2019,0.015594894026974953,536
0.5363071473598896,0.65356867689290299,-0.26203984430503074,0.43522548754741031,2019,0.015339357007774742,539
-0.36670673076923077,0.12599158653845513,-0.51911057692307572,0.64510216346153082,2019,0.015354567307692309,539
-0.32741109116977651,0.024003128227225379,-0.4256294053360431,0.44963253356326849,2019,0.015440608801147018,538
0.35523840025621523,0.40517034308819583,-0.16605948997157438,0.36602746306897915,2019,0.015342888025941791,539
0.8860086974861654,1.0703733089616192,0,0.32188733441131273,2019,0.015255752292380157,539
0.043666151964224832,0.25973088415183748,-0.16811719173001463,0.25613130928268901,2019,0.01516032646840596,539
-0.2830525829702652,0.13395707430681209,-0.41568454233342333,0.54964161664023536,2019,0.015178589354909953,539
-0.1084889080811834,0.022003072998773753,-0.37069805276319295,0.3927011257619667,2019,0.015184229289896262,536
-0.61465837262967793,0.070041135747965957,-0.70732416976021395,0.77736530550817995,2019,0.015170061201966489,540
0.057625554284797043,0.30744998896447201,-0.17599670940428938,0.27184534200124516,2019,0.015028391420373604,536
-0.23850995169469444,0.11587260227295038,-0.24605640295845349,0.35438255396765006,2019,0.015082880679882142,536
0.053566235823798977,0.11553541167387084,-0.74230649673608839,0.79229295978020464,2019,0.015091198973196827,530
0.285126991607424,0.32307908273255698,-0.17400808173987387,0.19815303165516229,2019,0.015230971312831517,532
-0.57082369898801832,0.036004924777034888,-0.66528532676696339,0.70129025154399827,2019,0.015134680640221016,538
0.20608162283515075,0.33872875240537464,-0.21289688903144324,0.55162564143681792,2019,0.015083787684413085,541
0.038768300859627527,0.2525143354648911,-0.037997738348995933,0.28569855994876781,2019,0.015131045663334236,538
0.079583872553445498,0.22942185571974832,-0.080065408653602663,0.18582277465113303,2019,0.015238611169631124,538
0.46883164986535592,0.86520577017407063,-0.21220706155587526,0.45993212737628048,2019,0.014785820828286266,540
-1.002151570646572,0.17577831817227449,-1.002151570646572,1.1779298888188465,2019,0.014850841114013229,315
0.40211666750263331,0.40211666750263331,-0.27945026834529468,0.57506144354717359,2019,0.014816672518433063,540
-0.046259526674689133,0.10322904131568625,-0.31372843963097252,0.34366225431207087,2019,0.01488166867228239,540
0.16535765221059398,0.17334230560632799,-0.32661752003695749,0.32861619428319139,2019,0.014904686338710001,537
-0.25261020881670537,0.30355428434274628,-0.25261020881670537,0.5561644931594516,2019,0.014911192895431635,538
0.41350464297150175,0.46109510086455624,-0.11779538904899252,0.24726825168107644,2019,0.014849503682356708,539
0.31672690501697026,0.34062534415953649,-0.28217578918914615,0.31017911314463981,2019,0.014997847438451759,540
0.029502046384720329,0.1796103843993288,-0.54542171575315102,0.54542171575315102,2019,0.015097102961239065,535
0.061599043667815198,0.16206415060222984,-0.22405496900962174,0.33848332948255305,2019,0.015118486744954644,541
-0.2689245824059035,0.33965990896146858,-0.40138161984400761,0.74104152880547614,2019,0.015019350698830938,539
-0.2591159115911591,0.13976397639762522,-0.37933793379338226,0.51910191019100749,2019,0.014981498149814983,539
-0.18229662673550198,0.09591499172974545,-0.34359179990977895,0.43950679163952439,2019,0.014946619217081852,536
-0.13534680107634844,0.28957990280733054,-0.69772882445078466,0.98730872725811514,2019,0.015040764689344954,540
-0.084435207774866211,0.037599269098317407,-0.2867483911127181,0.3243476602110355,2019,0.015180265654648958,536
0.29723619849756427,0.30517850176549394,-0.16207700233068928,0.31172039891567566,2019,0.015194406377849575,536
0.24147183979974968,0.2554993742177652,-0.1701627033792357,0.23244055068836922,2019,0.0152090112640801,538
-0.27453381240089125,0.015997912443046155,-0.31660611413316847,0.33260402657621463,2019,0.015245187579036111,541
0.083194692216721128,0.15958427709514716,-0.44701236745575584,0.60659664455090301,2019,0.015153641083204716,541
0.13157023798778469,0.41356520343793096,-0.2242681349098995,0.63783333834783051,2019,0.01530422922245289,540
0.51972736007686759,0.54364841060134195,-0.37506005284650085,0.55122507806870569,2019,0.015203378973496676,538
0.15116337353262557,0.39252954798351697,-0.27810692410253152,0.67063647208604849,2019,0.015157438874018828,540
0.33382363241577362,0.71861835719788369,0,0.51430372527242141,2019,0.015269314281711846,540
0.1175970473208838,0.25548876241534857,-0.034007821799013772,0.14601358312411447,2019,0.015333526711143563,538
-0.055185003159446751,0.073981203799369427,-0.25384900853551773,0.32783021233488718,2019,0.015235554307379063,528
0.029511189575789191,0.14560993469822101,-0.2040003611158579,0.34961029581407888,2019,0.015166865614749577,538
1.7739996995342779,2.2199609394561612,-0.33211477790575972,0.74169963443337483,2019,0.015283689719064551,540
0.34732124056192282,0.46520069388041829,0,0.24165488473763902,2019,0.015301466975503617,536
0.53626880641925778,0.53626880641926122,-0.13997993981945603,0.2479037111334037,2019,0.015305917753259781,186
0.24664112286037274,0.57648635940735704,-0.013945717744277481,0.4769055312678262,2020,0.015126201742714514,536
0.15766248061239807,0.26563266122979123,-0.1701105718717166,0.28411467453844297,2020,0.015339970981137738,539
0.023577667906892783,0.48868251882903818,-0.25439009958581477,0.74307261841485295,2020,0.015374123735119793,539
-0.2857343569672337,0.39400873099503292,-0.28573435696723481,0.67974308796226768,2020,0.015384615384615384,538
0.67819066245424009,0.75991173963191239,-0.22811293315278852,0.35205857278971919,2020,0.015305150193069557,539
-0.063300519743232822,0.30608770541875752,-0.24158546721811258,0.5476731726368701,2020,0.015281853049861302,541
0.24337987481945111,0.51109372492377636,-0.20404028245865802,0.35955304124537774,2020,0.015306531856844809,537
-0.66612320833791772,0.24993748562168311,-0.77478820128629644,1.0247256869079795,2020,0.015403542814847418,539
-0.020392408489818836,0.30786120329245403,-0.3044023139468533,0.61226351723930739,2020,0.015369499614008001,541
1.0979978713577123,1.4978412354157973,-0.042010562885310868,0.6442958411149341,2020,0.015533064240817717,539
0.45947817360762672,0.66011038635223573,-0.39803311590566925,0.54371299548419239,2020,0.015454089312594082,538
0.54989769718366366,1.0626253710984619,-0.057991655299679486,0.53458236379683854,2020,0.015024472438417718,537
1.0023603068398892,1.2865472511426532,-0.41376378929261443,1.0020502665346622,2020,0.01435186574254653,535
-1.0008908017215494,0.0059953958562758867,-1.0008908017215494,1.0068861975778254,2020,0.014783304974477029,16
-0.99907610114683976,0,-0.99907610114683976,0.99907610114683976,2020,0.015394966759726044,32
-1.0018773027075323,0.61420927407616321,-1.0018773027075323,1.6160865767836956,2020,0.015600686671150778,308
-0.016363016172398569,0.41434246960150889,-0.8077671656165919,1.0333079176532027,2020,0.015098920502427865,541
-0.016376991931923091,0.20731144382450578,-0.32224140007224678,0.48805844338297333,2020,0.015172801348693454,533
0.45049783202184035,0.62026256624378762,-0.30173036775332757,0.69664364862694894,2020,0.01496507146298378,539
-0.55930673406752118,0,-0.69860183346371141,0.69860183346371141,2020,0.015094983049487472,539
-1.0008413798629754,0.058005128410596872,-1.0008413798629754,1.0588465082735723,2020,0.015074722544973756,91
0.38821997395572477,0.52817790243415141,-0.14200140238404765,0.52336972853851138,2020,0.014935390163277574,536
-0.66020761245674742,1.4594970391020364e-14,-0.72237099443356978,0.72237099443358432,2020,0.01495411463818264,540
0.83794851206905197,0.95565815225574624,-0.074060320168609015,0.25810207256486523,2020,0.01489436443017012,541
0.73358157412690317,0.79531145210855347,-0.29405523357655877,0.29405523357657332,2020,0.014994544708367117,540
0.10753497521125631,0.13550510828768855,-0.87261395796952157,0.94470203327914637,2020,0.015104072579835811,540
1.440597230005604,1.440597230005604,-0.065867424545665312,0.3561764470418684,2020,0.015060843807541429,541
-0.052481871719883014,0.55584712150956539,-0.052481871719883014,0.60832899322944844,2020,0.015073514682905331,540
0.44744555485529641,1.0632333963566485,-0.23634744855596046,0.85583665956402821,2020,0.015265648289867253,541
0.081517983233676872,0.31902086275452868,-0.18585178730606822,0.34140600743166305,2020,0.015073665655078472,541
-0.52964054449590026,0.4440869268859875,-0.60407770493775126,1.0481646318237388,2020,0.015015737455143242,541
0.1194365067428686,0.55626409986464942,-0.2796711284904928,0.61261342557778631,2020,0.014949616483681757,540
0.2556840925466336,0.32114122167962739,-0.047844448002544955,0.35021215274998641,2020,0.014920742934913137,541
-0.14242053789731052,0.01600264539662483,-0.60321054952100417,0.61921319491762905,2020,0.015080764760110624,539
-0.16845591251538286,0.013997138540675535,-0.28265415361832558,0.2966512921590011,2020,0.015057679416502415,540
-0.89752147288453255,0.093989596800879344,-0.98552772683081991,1.0795173236316993,2020,0.015013480060534993,539
0.25948567877973983,0.3296887214126808,-0.3460042893507847,0.36200918001242827,2020,0.015012727746487342,540
-0.4612865098761969,0.014002964862384788,-0.53529788853718463,0.54930085339956947,2020,0.015004607556392484,540
-1.0014551658387274,0.086025390134994939,-1.0014551658387274,1.0874805559737224,2020,0.014963119072708113,506
0.19270083213314129,0.28879620739319745,-0.18790006401023698,0.44345095215234903,2020,0.014702352376380222,539
0.23815352509757101,0.48609926658708602,-0.12807135475714518,0.3223204342286069,2020,0.01481875369967192,539
-0.16147385532376049,0.11197407106375976,-0.34331757929697349,0.45529165036073327,2020,0.014961317318402119,538
-0.020392597647625545,0.29529123680303859,-0.35593713620487305,0.57571956163943461,2020,0.01496326923848902,540
-0.28416149068322977,1.4578155909003055e-14,-0.84388900020035595,0.8438890002003705,2020,0.014796633941093968,541
0.085356813719597704,0.085356813719597704,-0.17989942701444681,0.22777176744000147,2020,0.014795448170853868,538
0.35076484522423412,0.5776689284137031,-0.17596458826834135,0.34787409162083122,2020,0.014895410928654595,541
0.10675400903472661,0.56845658423231205,-0.087993429289718955,0.46170257519758545,2020,0.014864228692769214,537
0.53957605310850998,0.61772686765930263,-0.15003354327080129,0.57610317309329095,2020,0.014859168327142012,538
-0.24726656845354417,0,-0.47754627541765104,0.47754627541765104,2020,0.014872272832045537,538
-0.034383294105864083,0.041985076869160004,-0.38609845260151776,0.42808352947067774,2020,0.014792929040012018,537
0.65530549847125463,0.7853741667084474,-0.13199338379026987,0.29752894591750084,2020,0.014665931532254022,538
0.39037074148296591,0.41728456913828821,-0.029939879759509121,0.39133266533066424,2020,0.014729458917835673,540
0.60906932716290529,0.68104095922109764,-0.17202071500834548,0.23025913794311925,2020,0.014795003556009656,537
0.2046141638962265,0.2485461466609146,-0.21119291302993032,0.38911041250264,2020,0.014834828199230637,538
0.051615884592588132,0.37142742332460393,-0.090473463729240311,0.46190088705384424,2020,0.014837808786152719,539
0.15256527003632508,0.2822947834005668,-0.15714843241834772,0.27311845173168792,2020,0.014710150003502419,539
0.01158681071528977,0.073476846459704773,-0.56451062291657883,0.58251335394996129,2020,0.014759628900759067,537
-1.0008629686120254,0,-1.0008629686120254,1.0008629686120254,2020,0.014680500923175724,523
0.10570921950291021,0.29403632502178373,-0.20002805020987391,0.48676130273188944,2020,0.014656234660041473,541
-0.027196421945667324,0.60976343525307863,-0.18171060680510487,0.69496284559613453,2020,0.014601028891184227,539
-1.0033842476827444,0.22571024011087612,-1.0033842476827444,1.2290944877936205,2020,0.014762148645798815,510
-0.51845824669258356,0.10179911400416987,-0.60448623291042081,0.70628534691459066,2020,0.01469628022380938,540
0.60566800806848164,0.6814655734743621,-0.05801479221652199,0.34239866729555568,2020,0.014541330898070186,540
-0.010416771001312114,0.12581255821873275,-0.27422149660954021,0.36225322769658974,2020,0.014653592283576558,540
0.3088284052204841,0.44889531904632085,-0.085933025891429649,0.21870572987311246,2020,0.014628608172328221,541
-0.19831976580984079,0.095831495368339278,-0.41598829049202768,0.51181978586036692,2020,0.014526607049765407,539
0.14470796885802747,0.24858468352020172,-0.21788358834079527,0.45171892065209007,2020,0.014589032174026312,541
0.85073142305992033,0.8725234095567278,0,0.43206205039586076,2020,0.014558132058031586,538
0.75633041507466137,0.79348556414654003,-0.043914277405049891,0.18022002266414605,2020,0.014390725753883489,540
-0.26710456488870643,0.24392466281504654,-0.26710456488870643,0.51102922770375292,2020,0.0145087162439547,186
0.029621848739495797,0.065576230492214352,-0.430042016806718,0.43004201680673254,2020,0.01449579831932773,539
-0.33250868881521622,0.11003495557938636,-0.66079065714485097,0.77082561272423733,2021,0.01444296431325808,538
-0.30474650490117311,0.096095130965779735,-0.38294431946006108,0.47903945042584084,2021,0.014552868391451068,538
0.32366514838373095,0.34021911431267443,-0.17624455725664034,0.25853281698336811,2021,0.014537391897586129,541
0.2577133215490921,0.30567049654508061,-0.34227864374096389,0.36028643740960542,2021,0.014552868391451068,541
0.29159893230577799,0.60688983884240288,-0.035924298071315107,0.36278523691974118,2021,0.014540309470768859,540
-0.062310670652195713,0.13340822918130935,-0.42286396372900314,0.48086143599414144,2021,0.014604690352478585,539
0.051560161891275748,0.22721018750063293,-0.32201500406736705,0.35402167254176264,2021,0.014763038172998705,538
0.47140513066794737,0.63333933645496587,-0.0020010405410668028,0.25967503101612194,2021,0.014637611558010164,541
-0.083395271288242506,0.29304353066431904,-0.22020449569111777,0.44057973925795857,2021,0.014834977200136597,537
0.14565627004490059,0.18361128928801679,-0.22211754329698058,0.22211754329698058,2021,0.014803159076330981,538
0.88082948202388811,0.91287037592781317,-0.21823419962787699,0.24748414460916135,2021,0.014845047316087471,540
-0.79662391493707385,0.31602238708837638,-0.90273230609036881,1.2187546931787452,2021,0.015068232561399292,541
-0.50970343105298521,0,-0.83480598152585672,0.83480598152585672,2021,0.015234637487839368,539
1.0153204877706636,1.0232362401178317,-0.17800422841453911,0.37308243404374353,2021,0.015290427951623733,539
-0.21626378901679186,0.13205452599786791,-0.79523747612236761,0.92729200212023555,2021,0.015261678784666315,541
-0.37129408458620206,0,-0.89789036311447379,0.89789036311447379,2021,0.015245187579036111,540
-0.058334919791990222,0.033546085789014836,-0.35215374287345258,0.35215374287345258,2021,0.015360259711631916,538
-0.17499874793409126,0.13054539990986758,-0.24300095157008189,0.37354635147994947,2021,0.01535533630490309,538
0.28898582333696843,0.4364351245085295,-0.10180784968934876,0.22205436555182098,2021,0.015267175572519085,539
0.14488533676051249,0.26597453712999936,-0.1040001606490238,0.36997469777902314,2021,0.015251616530784367,539
0.42834209575791632,0.47012080105952991,-0.07784845687681298,0.34299875586948725,2021,0.015100132439699803,539
-0.54560655212463449,0.03797709159358361,-0.63591853898833561,0.67389563058191926,2021,0.015138772077375948,538
0.17554761378922643,0.46117011665028407,-0.28826269399882964,0.2902604051639322,2021,0.015248860601923424,541
0.10537485859586951,0.14926269633901534,-0.36772081568909354,0.44159133455466515,2021,0.015276651550189708,537
0.3046627252083271,0.55959705090885026,-0.072016646159054981,0.32279943579123582,2021,0.015335674199453798,539
0.25351506599817869,0.29217328649916535,-0.30623355049183926,0.59840683699100461,2021,0.015341199075324987,540
0.34335404971932637,0.58583600641540456,-0.17446872493984397,0.76030473135524856,2021,0.015226543704891739,541
0.22958825534987262,0.22958825534988431,-0.13047271414530998,0.24787910390886897,2021,0.01523234592166222,540
0.053543670333858172,0.26591317080021992,-0.13246016066108451,0.39837333146130444,2021,0.015374123735119793,540
0.0067961165048543689,0.093974577119421449,-0.27542788509656535,0.36940246221598683,2021,0.015343809428485638,538
-0.0864385704544543,0.18158116401269134,-0.2044442661746321,0.38602543018732344,2021,0.015442621635714575,540
-0.21920551017139198,0.014005686368752794,-0.29931523306100971,0.31332091942976248,2021,0.015347188851513696,537
0.1134733966698134,0.15583385221042922,-0.071986663185161809,0.15423704983228728,2021,0.015395585192921847,477
0.0055953873151165703,0.14557031837554554,-0.6266733517172195,0.62667335171723404,2021,0.015442466783655054,472
0.24294928291002324,0.26687565098950522,-0.11221056005127153,0.2140253184840929,2021,0.015493550196298372,538
-0.052384714624316195,0.16348471362422734,-0.4682921462931664,0.55827024432199013,2021,0.015471392425318278,537
-0.36469749889598135,0.2971215223413306,-0.42268858645468926,0.71981010879601981,2021,0.015456260789272955,539
0.065570646177302544,0.20357293317551414,-0.44293538226974716,0.44293538226974716,2021,0.015377053784580817,539
-0.20909984552731359,0.151794491142899,-0.40320380363912228,0.55499829478202134,2021,0.015377053784580817,539
-0.076229048039137062,0.0079898147405723357,-0.53563838319029511,0.54362819793086747,2021,0.015297938888443342,540
0.27090042638575368,0.30480060195637043,-0.19155254577375772,0.33738650614497934,2021,0.015379984951091046,538
-0.14616634243196083,0.13763261867993021,-0.290216802711527,0.42784942139145721,2021,0.015302541064158362,540
0.24193370553389398,0.28587609129273306,-0.18682530295587205,0.32846532420539565,2021,0.015295638838493693,535
-0.07419596858900615,0.033491722102746438,-0.28779072675436634,0.28779072675436634,2021,0.015405391887160509,536
0.21141808113639099,0.33978371654428635,-0.17634725733316639,0.51613097387745277,2021,0.015448818265719675,531
0.035555377400088184,0.07749428789032925,-0.55240109031145623,0.59439010702690176,2021,0.015362568645528521,538
0.22932507839188931,0.38715074284456025,-0.14251795750307533,0.40855949268176095,2021,0.015357797613680762,538
0.25927225692599237,0.31314610008723054,-0.041911904785780947,0.21802211905788688,2021,0.015371040678611893,535
-0.050305655884501095,0.077869713553914241,-0.23808142152496958,0.31595113507888384,2021,0.015337822289367578,538
-0.42853566206661731,0.16994812426141875,-0.55455965709936506,0.72450778136078386,2021,0.015352414525206803,536
-0.52404784545318051,0.20007006656323975,-0.77999099144186979,0.98006105800510956,2021,0.015344577348481058,536
0.68034617811745612,0.7161259303036146,-0.11400038063565922,0.32193763585186674,2021,0.015425761020904913,539
-0.071160597853345373,0.20562744507975247,-0.29699067108035609,0.50261811616010854,2021,0.015658541478583608,538
-0.1964305431476667,0.15994298505364876,-0.20845587866255608,0.36839886371620484,2021,0.015528542605623199,537
0.46169498321054481,0.50547787300156188,-0.12774018944519855,0.30751265473864398,2021,0.015576605021801235,532
0.78558776731479352,0.86123147434679614,-0.092075373515190545,0.19818070830288867,2021,0.015901289915840246,536
0.90863346130328881,0.94243356755511731,-0.074015416537189641,0.36833294908934811,2021,0.015997915058689093,537
0.09071047013900721,0.50780224295695697,-0.11608655127831227,0.49900279617956556,2021,0.015925194680243338,537
0.50033099297893679,0.88076228686057711,-0.10401203610832206,0.3804312938816532,2021,0.015867602808425273,541
0.47321249749649508,0.75631884638494817,0,0.34100741037452309,2021,0.01591227718806329,540
-0.072319576783191564,0.19919444527938687,-0.23558467842937333,0.29949803120022922,2021,0.015780456280621601,539
-0.43254488173225986,0.11797769665449002,-0.8931939790968767,1.0111716757513667,2021,0.01603240486072911,539
0.47857764789479473,0.53256137471352261,-0.089882805072106067,0.18200742601505826,2021,0.015972938079844672,538
0.058708081748725813,0.23823685501715652,-0.35148747834618999,0.35148747834618999,2021,0.016121441517217897,539
0.86645398822242969,1.1391137729356462,-0.087840210270761401,0.33448701357328259,2021,0.015870627301090477,539
0.037542662116040952,0.3511845011042018,-0.55333266412365123,0.90451716522785297,2021,0.015810078297530616,538
0.085605573849489996,0.50911573367600527,-0.23043329853023736,0.73954903220624257,2021,0.015882258453136292,538
-0.012372210729277551,0.02593946454037669,-0.47148968647693268,0.49742915101730939,2021,0.015887043322822311,539
0.070866378575653977,0.15215015490740647,-0.61435575563731681,0.76650591054472328,2021,0.016002085484825089,539
0.50733655834119518,0.68179810915512873,-0.11605010136695303,0.60617435115117768,2021,0.016017985106084022,537
-0.0031993741663072801,0.12265939201860286,-0.40968036346496278,0.40968036346496278,2021,0.016077105920346616,537
-0.68004164664424149,0,-0.88906575364408835,0.88906575364408835,2022,0.016258209194297612,540
0.01282077004875504,0.14100840673343912,-0.42729881021646154,0.55531590457654167,2022,0.016081138018900102,537
-0.15224090338770388,0.25155332496861837,-0.20779924717693213,0.44771894604765783,2022,0.015949811794228358,540
0.080856612668639347,0.27864988214054609,-0.078058077135269549,0.25183810622399011,2022,0.016008826922112442,539
0.30088460112804172,0.62549214077478832,-0.43391538685020348,0.43391538685020348,2022,0.015918813051623439,540
0.18957089084065246,0.43186951066502294,-0.4671016311166642,0.89897114178168713,2022,0.016160602258469256,538
0.0067921423841724015,0.32190942472461737,-0.23001986475910419,0.4671428858077285,2022,0.016012199771254287,540
0.68689493273407642,0.75453204787368966,-0.097974498139000582,0.52616900249802911,2022,0.01608162200664132,538
-0.12906496922721661,0.15809078222108308,-0.24509794078372241,0.40318872300480546,2022,0.016164496340398186,537
-0.21631977531470986,0.43271979537589061,-0.8035708912182109,1.2362906865941015,2022,0.016149255228446759,535
-0.2905370124914648,0.13600032132385662,-0.59325420733421463,0.72925452865807128,2022,0.016096316825320322,538
1.6351051771007834,2.2191515613558166,-0.32139955260860698,1.1311278074812527,2022,0.016150227206612564,537
1.0879967193766815,1.8137646152769156,0,1.2163211010091883,2022,0.016173072883847932,540
-1.0024721507711709,0.075976099206312986,-1.0024721507711709,1.0784482499774839,2022,0.016184080149730266,499
0.66981198295312117,1.1004161443971061,-0.018009526197033693,0.68353973426924397,2022,0.016214590122837807,540
-0.17605711588862002,0.35200377559321744,-0.53317200036149415,0.88517577595471164,2022,0.016518220249630976,540
0.33132554230369005,0.61066197070363004,-0.36057192027532042,0.97123389097895041,2022,0.016599295605539102,537
-0.096442940929199111,0.72592429489362598,-0.2483235582600897,0.97424785315371565,2022,0.017094701443241187,538
-0.80896953440890351,0.81565515032627522,-0.80896953440891162,1.6246246847351868,2022,0.017164418111213421,537
-1.0018732782369146,0.077996493864277622,-1.0018732782369146,1.0798697721011923,2022,0.017180065113949414,529
-0.76288701045365881,0.32186265192820396,-0.76288701045365881,1.0847496623818627,2022,0.017296053618766571,536
1.3372464029859732,1.3372464029859732,-0.040003612064260875,0.5697830754720814,2022,0.01762888046073887,536
1.7811826285760124,1.7811826285760488,-0.15775065929986651,0.67029991877826567,2022,0.0179690555215739,540
0.6530649110834571,0.65306491108347697,-0.078067921801592707,0.40827345349444721,2022,0.017984023122315444,537
-0.42133721221848824,0.53155439634853163,-0.63079701058330595,1.1623514069318377,2022,0.018327732356924312,538
-0.039442782874003893,0.95649250286035337,-0.84429635279711623,1.6006443324835964,2022,0.018195869045946323,538
-0.78050834711986772,0.69628515566253713,-0.87708427332428951,1.5733694289868265,2022,0.0182483581490951,539
1.2071271940803636,1.278869741967168,-0.75040802635396986,0.93223258002823528,2022,0.017943146659190355,539
-0.080319878294115882,0.65330837828913135,-0.3401659443715695,0.99347432266070079,2022,0.017865543022429511,535
0.30074646280694028,0.55413356280897885,-0.40827312934018045,0.70015409553923558,2022,0.017720987011947405,539
0.60764797273592952,0.82904826341906979,-0.10402445747503607,0.37223475166643127,2022,0.018172705858768106,539
-0.99977949946378275,0.26137331743059539,-0.99977949946378275,1.2611528168943782,2022,0.018732522826816873,507
0.52540077446279165,1.4651993338817813,-0.092022631969615645,1.0714572340041215,2022,0.018890070423948153,539
-1.0015802686456696,0.38325515337610533,-1.0015802686456696,1.3848354220217749,2022,0.019043237350349563,451
0.88866295376232063,1.0221371904800483,-0.4718527125570644,0.85070919144162072,2022,0.018861687635227178,539
-1.0002301104530176,0.064020729950425098,-1.0002301104530176,1.0642508404034428,2022,0.019119177205058426,189
1.0821819055628978,1.0821819055629527,-0.78861788617881745,0.93057391165045933,2022,0.018993552004485562,538
0.68549779205138495,0.88676234444002022,-0.33593938177433991,0.52431754315535228,2022,0.019038538739462062,537
-0.9988770691504828,0.34774762129162584,-0.9988770691504828,1.3466246904421086,2022,0.019440740332267219,55
0.74895146194732787,1.0961251639123104,-0.0798290307404039,0.58221639423027283,2022,0.019269076385621767,535
-0.095959899749373426,1.3122005012531748,-0.20193483709269566,1.4948771929824409,2022,0.019228070175438598,536
1.2169438481754167,1.4867695147150874,-0.16783357072637148,0.66350031095151274,2022,0.018817581800308947,539
-0.38158646759783821,0.31242041090538092,-0.81748904553243218,1.1299094564378132,2022,0.018670222899599926,537
-0.12422721798474509,5.8417965589589932e-14,-0.37220995584099381,0.37220995584105221,2022,0.018898032918506624,540
-0.40280201375935171,0.28183605110622084,-0.66031851094125593,0.94215456204747672,2022,0.018954209037848248,541
0.97278822928046671,1.0397101420224257,-0.3857556653603435,0.51606145951307958,2022,0.018943000611387852,540
0.37681173957089981,0.54632536585856428,-0.31555613508929725,0.64433232695063603,2022,0.019168079280219064,539
-0.25481689294123544,0.44633034417118389,-0.3611943289413973,0.80752467311258114,2022,0.019427884374530337,530
1.3503393517729501,1.5611986085074105,-0.032000320805175592,0.4559143450059544,2022,0.020210728929613328,534
2.1336200430064509,2.1852977946692307,0,0.39688953343003086,2022,0.020163024453668049,540
0.11849942841098253,0.43545055253609921,-0.57746535368319618,1.0129159062192954,2022,0.020005615611399689,532
0.51208020050125314,0.63692230576445652,-0.25824561403506435,0.38175438596492972,2022,0.020070175438596492,538
0.62234437378377838,1.1128753987201137,0,0.91931309808012518,2022,0.019870804662266536,538
1.8583395196725587,1.85833951967261,-0.27803414859248915,0.57332316767320068,2022,0.020224313316345978,539
-1.0049723313818271,0.0039999198011265846,-1.0049723313818271,1.0089722511829537,2022,0.020210121100328816,493
0.49305423215414085,0.49503014011897317,-0.26806150389663114,0.43837072847814734,2022,0.020571508811345927,538
0.11340917959955574,0.34030758762848828,-0.51798597144253455,0.73009535816847693,2022,0.02059256146249212,540
-0.36288593696780269,0.0039971148645077184,-0.65296227284562447,0.65695938771013218,2022,0.020967321832862495,540
0.8503466100336593,0.85034661003369427,-0.23205842282413555,0.63319442218305855,2022,0.020826654912646261,538
0.60703500446459924,0.60703500446461678,-0.52135483029502983,0.83331493985331684,2022,0.02043682842896271,540
-0.84464475079533397,0.72382400608260244,-0.87437723844009596,1.5982012445226985,2022,0.02058864723183737,537
0.085555822521223762,0.44390717603719426,-0.68763014576324089,1.1315373218004352,2022,0.020743232420310748,536
-0.29934632659608595,0.15425489252487881,-0.54009263715106948,0.69434752967594826,2022,0.020492460699390435,537
-1.004552702038688,0.61424374003475402,-1.004552702038688,1.618796442073442,2022,0.019654836995216651,301
0.58511255627813907,0.78279139569790135,-0.26715357678835461,0.89824912456229866,2022,0.019679839919959981,540
1.1656428192049064,1.1656428192049064,-0.12399410744881825,0.6037058935532521,2022,0.019361239440007217,535
0.4879662393119556,0.66081935826630533,-0.50763324345180438,0.69699582000981064,2022,0.019366285422158961,538
-0.23740978388172052,0.24391635551911622,-0.61088699586578488,0.85480335138490116,2022,0.019129320613819958,538
1.1402313611782766,1.1402313611782766,-0.20801436726827069,0.766832880175776,2022,0.019102848371141058,537
1.8347678834457257,2.1152115752663061,-0.20192587100070092,0.76595957875330689,2022,0.018867924528301886,541
1.3597043663130026,1.3823081088670377,-0.11399145590560841,1.0338354158727741,2022,0.019164042600132374,540
0.76350354709559598,0.76350354709561929,-0.26360890637068679,0.74191994701934993,2022,0.018472992905808807,536
-1.004085474535878,0.47065067190036514,-1.004085474535878,1.4747361464362432,2022,0.018644984278933772,509
0.8637621855818991,1.6997031331487851,-0.067908292213254548,1.4408773618967221,2023,0.018463914630721705,539
-0.67070443720230633,0.14922035597896893,-0.76766106793681455,0.87560792178492008,2023,0.018460767109551267,539
-0.12101553178048952,0.46994414976288429,-0.95006567667022312,1.4200098264331074,2023,0.018178901244347293,535
1.395141229337185,1.591086904188763,-0.044003771465220505,0.82172805328198772,2023,0.017974642914459958,538
0.51500160230732261,0.89015181861883563,-0.57123257490784174,0.57123257490787094,2023,0.018226245793943278,540
-0.49238700635667448,0.18908854297013261,-0.64627859252212494,0.83536713549225761,2023,0.017938835777566445,537
0.54868836836033508,0.8839945829362702,-0.16993529618294134,0.64920499573657375,2023,0.018327732356924312,539
0.27204318336878436,1.0517116827868829,-0.14812176425730983,0.89784083156076799,2023,0.018611791146606736,541
-0.20687343000970768,0.24580418530640719,-0.68809359393920033,0.93389777924560757,2023,0.018844887461094261,538
-1.0041019777751032,0.016006739679886223,-1.0041019777751032,1.0201087174549894,2023,0.018885144622297106,441
-0.20445218505395071,0.10592957379938772,-0.56886473284886518,0.67479430664825291,2023,0.019127980301483397,534
-0.23716052971900031,0.60327214764766135,-0.70172730097942015,1.0074485468817378,2023,0.019087527944582013,535
0.86176246592913264,0.90259740259740384,-0.30429292929293278,0.81998556998556893,2023,0.018799102132435467,532
-1.0110039750483113,0.30010112843314035,-1.0110039750483113,1.3111051034814516,2023,0.018573588457340823,238
-1.0016806050178064,0.023998639510243478,-1.0016806050178064,1.0256792445280498,2023,0.018346604777719978,129
-0.14704525857747297,0.85460907577856426,-0.14704525857747297,1.0016543343560373,2023,0.018528544787342838,533
-0.17058911857450321,0.43556734571301375,-0.56566394714447954,1.0012312928574933,2023,0.018429350818359277,533
0.42477565900168257,0.67312314718375421,-0.42756990625749508,1.1006930534412493,2023,0.01864834548513741,531
0.43715090801520212,0.78165518486208774,-0.11828765680935376,0.89994284167144145,2023,0.018531331789055683,531
0.14878434988274439,0.20009620973723063,-0.37974785031366748,0.57984406005089806,2023,0.018871139083201375,533
0.8602302585394227,0.87868303347575349,-0.24099925787749821,0.76123713821529337,2023,0.018813807489419743,534
0.38157249877476723,0.38157249877479632,-0.48448205158975782,0.63322031185925909,2023,0.018763565077364701,534
1.3058627875290536,1.5137653282039349,-0.17631441853005689,0.85981205417970108,2023,0.018724452993508053,533
0.35763193721470327,0.73479418595344859,-0.31443701449503175,0.83212541042685317,2023,0.018919676463522064,532
0.39466342873198734,0.63385581824752468,-0.056004897041673593,0.4965379520732125,2023,0.019246979488620398,530
-0.38890666880025604,0.32751930231631754,-0.51502180261627672,0.84254110493259426,2023,0.019392327079249511,534
0.32757721620537505,0.48398515844367601,-0.57906137184112838,1.0630465302848044,2023,0.019444444444444445,532
-0.31450756437230742,0.52077948101396376,-0.37806832982664734,0.83528704538627119,2023,0.019637310890692313,529
0.068859640349648948,0.42546956573923611,-0.11733642709974273,0.54280599283897879,2023,0.019602744384213788,526
0.49084840222926107,0.52282386431982042,-0.25240567739862935,0.6979672025981386,2023,0.019435868650014034,526
1.4513609704747106,1.4908516717630422,-0.065998295653875466,0.51026116597322357,2023,0.019509749862148474,533
0.45076467933610792,0.49662538233968906,-0.35647595647591912,0.55036855036853871,2023,0.019866619866619868,529
0.44505604684272793,0.75618119473020473,-0.081964747638784516,0.81252882552286398,2023,0.020002406304517835,539
-0.068326340139596833,0.063980212099102804,-0.64235572156736342,0.70633593366646619,2023,0.020258564576052233,539
-0.23381510990110901,0.079773391520239365,-0.75492453056807485,0.83469792208831417,2023,0.020178564279136803,536
1.163638734789282,1.1744329524593169,-0.071857789191713276,0.76396175877529671,2023,0.019311216556484052,539
0.37029806065339066,0.81663813213994174,-0.20460757516590769,1.0212457073058494,2023,0.019343405520680024,538
0.38711260201271713,0.38711260201271713,-0.43650928753813106,0.66947378961595949,2023,0.019556401141541082,537
0.41861419845799536,0.52674476819868499,-0.22404125362968949,0.75078602182837451,2023,0.01976569540402523,539
-1.0011904047376108,0.099983994558190528,-1.0011904047376108,1.1011743992958014,2023,0.019746713882720125,70
0.61393304769150681,0.76548672566374942,0,0.53041284587353998,2023,0.0200416449765747,539
0.95518271892173778,1.1140539131132849,-0.060010429620088457,0.55726262585742814,2023,0.019936620000802277,537
0.43797577248947167,0.44015644849908242,-0.23299222759050764,0.6564234912822986,2023,0.020096229831247685,537
0.055390553905539056,0.23961239612400548,-0.62604626046255452,0.86565865658656005,2023,0.020300203002030021,538
-1.0021723461338246,0.26020101709850829,-1.0021723461338246,1.2623733632323328,2023,0.02046209906699235,201
-0.084018695338201069,0.29708938457837297,-0.90042525876592738,1.1975146433443005,2023,0.02036026638850999,537
0.53161594847845439,0.71118133544012485,-0.54686640599212732,1.1096932907987274,2023,0.020440613218396551,540
-0.016392455858747993,0.13745987158913298,-0.83720906902083647,0.89121187800964607,2023,0.02050561797752809,534
-1.00357930619611,0.26275315821138567,-1.00357930619611,1.2663324644074958,2023,0.020563465009023462,519
0.083426786286446647,0.19363785645630713,-0.45815644024346042,0.56934876642101417,2023,0.020606376161486702,538
-0.01240543113382434,0.25997294453633091,-0.44040282579284623,0.70037577032917708,2023,0.02069241945989278,537
0.046802106847253576,0.18391773263108713,-0.4667268623024457,0.65064459493353288,2023,0.020928016052169551,539
0.099442258203410544,0.11541349995497854,-0.82589844493171849,0.82589844493177678,2023,0.020887780748395365,534
-0.21329925836841052,0.38335337743038528,-0.37308077771091513,0.75643415514130041,2023,0.020835838845460017,536
0.69418136675810427,0.84172957171179918,-0.11195763170009621,0.4449071942013838,2023,0.020813727649520455,540
-0.18225422065567862,0.23994152163904989,-0.84582340336044715,1.0857649249994969,2023,0.020958083832335328,540
-0.08243008833585673,0.66669006246681894,-0.5991497297784677,1.2658397922452866,2023,0.020986032707328565,538
0.10555756044749189,0.1875776895625571,-0.40025662616781921,0.48043225470148093,2023,0.020981194113637275,538
-0.17243835396561061,0.17203707790776648,-0.42218254047868964,0.59421961838645609,2023,0.021066993037860395,538
-0.99772383158359157,0.1339630398379959,-0.99772383158359157,1.1316868714215875,2023,0.021127254860672424,376
0.66449537514906754,0.84192329662183829,-0.30950925471251439,1.1077094210668783,2023,0.021114974896529609,538
-0.019240009609994391,0.60195603427566302,-0.10144550332342377,0.70340153759908675,2023,0.020951789861455912,539
0.0075951399131124015,0.2432652078379646,-0.61618958753470487,0.75009280719179072,2023,0.020929275903239723,537
-1.0036195919185842,0.12799919787437058,-1.0036195919185842,1.1316187897929548,2023,0.020634681907053691,422
0.96734987846232323,1.3985535516010208,0,0.81635306945150665,2023,0.020586381778351287,538
-1.0035811817899907,0.80453549671393421,-1.0035811817899907,1.8081166785039249,2023,0.020166654996148729,112
1.0552715975145321,1.2860192423331644,-0.50526157546601946,0.64595109240328608,2023,0.019853678091801968,538
-0.026375652627043063,0.1992604395274285,-0.92497169026642256,0.96495605728084632,2023,0.020132479531812124,540
-1.0017932637400069,2.9156896007467297e-14,-1.0017932637400069,1.001793263740036,2023,0.019916247570578454,216
1.8377871401344166,1.8377871401344423,0,0.97037817233426071,2023,0.019660948941719329,539
-1.0009312758479116,0.019997396433172818,-1.0009312758479116,1.0209286722810844,2024,0.020257753121776835,366
1.0709290909455209,1.1241659820874528,-0.14597567572979098,0.78447774950408578,2024,0.02019675809974153,539
0.54093666780129357,0.66260537012197396,-0.0039945537912836459,0.45103417896403764,2024,0.020743647758444627,540
0.65996956774180626,0.73770196408193967,-0.14643522133458439,0.85046148917852693,2024,0.020741986505696034,541
1.0317315865793291,1.0937146857343192,-0.030001500074974645,0.82174108705433513,2024,0.020581029051452569,541
0.34253640169040034,0.58287768631461334,-0.21209116946058396,0.74771175068596829,2024,0.020679364697870978,540
0.6263989730835573,0.85056560632197775,-0.19200529503787031,0.38831280837577908,2024,0.020708813029002369,539
0.27760843844626709,0.35601700523395841,-0.086028836705596134,0.31238093328254901,2024,0.020915635590671184,539
-0.1915083105680806,0.19284920897001107,-0.45349384087338745,0.63348443457116033,2024,0.021084126364664325,540
0.47499424522353556,0.61100713592281597,-0.025991573005595809,0.31222915019466269,2024,0.021017444478917503,538
0.26159833886709938,0.5735623075303059,-0.053996850267284,0.4899840507167158,2024,0.021065091131596634,539
-0.45665713855874834,0.18995035354296572,-0.55010280326962679,0.74005315681259254,2024,0.021062133293214984,541
-0.082621795577621851,0.53619082892066405,-0.43814376232466418,0.97433459124532829,2024,0.020740533127796518,540
0.33638560983682186,0.36813864623349091,-0.2616566539961645,0.49079803825209378,2024,0.02071068229913647,538
1.0944970206799862,1.3802814080416592,-0.028000600871255173,0.56701216764308482,2024,0.021100595864002807,531
0.25867839820419286,0.2979416362688877,-0.43002164588927128,0.72796328215815898,2024,0.021184912013468553,539
-0.46851233955571586,0.14994839731067153,-0.46851233955571586,0.61846073686638736,2024,0.02118215248344205,536
-1.001411538577049,0,-1.001411538577049,1.001411538577049,2024,0.021233144127098535,178
0.083566128983809426,0.19950336927901344,-0.33234207443451552,0.48387452064122366,2024,0.021236970953110446,536
0.15105725064796005,0.48689569594416693,-0.55742577229830159,0.57742997528244011,2024,0.021645368211430115,539
-0.46039356207711096,0.074008087440476669,-0.79683308643950101,0.87084117387997773,2024,0.02164991792449053,536
1.1727074410599208,1.1727074410599534,-0.13403114117597287,0.44598326862268556,2024,0.021714766040907815,538
-1.0022132313177239,0.019999198830322539,-1.0022132313177239,1.0222124301480464,2024,0.021942035371642601,48
-1.0050382122860262,0.64605306649842154,-1.0050382122860262,1.6510912787844476,2024,0.021525085890000701,459
-0.0044058156766932357,0.064024512356312666,-0.57604037329274527,0.64006488564905795,2024,0.021798774382184485,535
-0.20243970948196302,0,-0.41062758316278158,0.41062758316278158,2024,0.021909233176838811,532
0.27831896465505168,0.31222371131960686,-0.43187046186462963,0.6559018262556735,2024,0.021913067829496129,537
-1.001190488100121,0.028011484708759693,-1.001190488100121,1.0292019728088806,2024,0.021989015496353504,144
-0.80812376787519136,0.29382861831903095,-0.86419357743996961,1.1580221957590005,2024,0.022065666623302546,536
0.93123390095516823,1.1496697503333124,-0.51096990167677481,0.55097070349693922,2024,0.021679211810810537,537
1.0881975625400897,1.2961132937780839,-0.23213999358562715,0.83710511545863797,2024,0.021818874278383579,536
0.31273729025795144,0.36863511144507777,-0.74022539444023427,0.76222389181068262,2024,0.02194840971700476,536
0.25262482325688668,0.25262482325692875,-0.60112714473376061,0.81491360896900833,2024,0.022111691619618738,527
-0.25676203446860069,0.14802872049593535,-0.48076788271459497,0.62879660321053032,2024,0.022361529756957307,537
0.26720003204197501,0.26720003204198078,-0.32240234707464915,0.44235949093312121,2024,0.022499474311347863,540
-0.13647327281643767,0.41891770169244086,-0.54540268422786253,0.96432038592030334,2024,0.022558723740704788,523
0.11135685834951262,0.14925642000761991,-0.75574948459796076,0.76572726726847407,2024,0.022557594924040754,534
-1.0045525949791381,0.054010786148144023,-1.0045525949791381,1.0585633811272821,2024,0.021922495822618893,379
0.25089993883424078,0.63496074361524624,-0.14624632754760161,0.78120707116284782,2024,0.021969537446479961,539
-1.0016047822511083,0.84452668953482313,-1.0016047822511083,1.8461314717859314,2024,0.021484022386712404,515
0.12325888568683958,0.4064201088697092,-0.68196645853343107,1.0883865674031403,2024,0.021503762407941079,538
-1.0022449838641785,0.21181021868550745,-1.0022449838641785,1.214055202549686,2024,0.020625789252139749,127
0.87121439580455984,1.4156608418903793,-0.23827538581632748,1.224183830741201,2024,0.020596889449348465,539
0.57105342287260696,1.003919013731627,-0.17198556680361571,0.62795429487822929,2024,0.020557281748020448,536
0.10765943787991253,1.1883864625755394,-0.20806668405316658,1.3871546933616903,2024,0.020502738379441086,536
0.6806747974003049,1.0560458958517631,-0.088020540800750433,0.95268996228839808,2024,0.020430474203642784,538
-0.82448522201989072,0,-0.9364356752646068,0.9364356752646068,2024,0.020310967922678246,537
-1.0022051379714736,0.070003107239894571,-1.0022051379714736,1.0722082452113681,2024,0.020207082502230196,122
0.84030486887629741,0.84420598706314742,-0.3102742817028088,0.57399588828158854,2024,0.020007020007020006,534
-1.0067354916307507,0.66279442718253845,-1.0067354916307507,1.6695299188132893,2024,0.019925829407637565,492
-0.437162853189484,0.75089738704960429,-0.55746285118410199,1.3083602382337063,2024,0.020003208534702308,537
-1.00557415836224,0,-1.00557415836224,1.00557415836224,2024,0.020141158542698455,307
1.7853519435689627,1.7853519435689873,-0.22215218370100528,0.60367201961078254,2024,0.020451248186502572,538
0.16340761104032267,0.73554995936631984,-0.057950657663722961,0.67424827683077204,2024,0.020507469574901422,539
-0.24915356105379144,0,-0.87266352799758895,0.87266352799758895,2024,0.020895522388059702,537
-0.59544502250423514,2.9174140134457747e-14,-0.70179131707412534,0.70179131707415454,2024,0.020980563157208872,538
-0.34655912579679982,0.13792516836618898,-0.59895327776163465,0.73687844612782361,2024,0.021014500005003454,537
1.0081076747309132,1.049708364234043,-0.31428514160871279,0.72215429636606521,2024,0.021256338818624598,538
0.1879138244884079,0.42215598807789939,-0.17614170550694816,0.59504710847952857,2024,0.021493868896401348,535
0.05148360385226966,0.15194063584453124,-0.92199453961773725,1.0739351754622686,2024,0.021281489704279302,536
-0.46985874261882565,0.027549700742889989,-0.74391209760691523,0.74391209760694443,2024,0.021404152505839772,536
-1.0011335138930686,0.038007824255234302,-1.0011335138930686,1.039141338148303,2024,0.021837696860266827,98
2.4386455701279428,2.6468034332009704,-0.030000401074893518,0.39787630850679578,2024,0.021547747964544978,539
-1.0026705608177717,0.3713279788755639,-1.0026705608177717,1.3739985396933356,2024,0.021144440332469819,55
-1.0036012358558704,0.16995024476367548,-1.0036012358558704,1.1735514806195457,2024,0.021206163229275338,481
-0.56513026052104209,0.31987975951905789,-0.67716432865731224,0.99704408817637014,2024,0.021042084168336674,539
-1.0004300258015479,0.22797367842072619,-1.0004300258015479,1.2284037042222742,2024,0.021141268476108567,371
1.5959007183273808,1.5959007183273912,0,0.69937597816925445,2024,0.0212789437778402,540
-1.0012912395900064,0.035994554772602654,-1.0012912395900064,1.037285794362609,2024,0.022071188340807176,206
0.13859223787292874,0.20209781802882296,-0.4164078623093973,0.61850568033822029,2024,0.02202007653930153,364
-0.99913931144915935,0,-0.99913931144915935,0.99913931144915935,2025,0.021997598078462771,9
0.20100286246171709,0.59339031567148215,-0.16368076545827318,0.46216746401904596,2025,0.022068979322217106,537
0.19959596767741422,0.4395051604128633,-0.45047603808301989,0.45047603808304898,2025,0.022121769741579329,541
-0.19109556782539858,0.57676390127564758,-0.35519525417613645,0.93195915545178409,2025,0.021885302576333011,540
0.71837921869515076,0.72464771074671219,-0.33135750463865959,0.7083696905872312,2025,0.021834411513966201,539
-0.60075045027016205,0.45151090654394616,-0.65288172903741315,1.1043926355813594,2025,0.021713027816690014,540
-1.001430457746479,0.059949183738818544,-1.001430457746479,1.0613796414852976,2025,0.021636923815621,102
0.63463042040055329,1.5981636294380777,-0.20378500831978946,1.5853631643311044,2025,0.02161143521581364,539
-0.99858882872784416,0.1420779246775033,-0.99858882872784416,1.1406667534053474,2025,0.021437793368495855,168
-0.71909943338514759,0.4111818683247348,-0.91361379932806519,1.3247956676528001,2025,0.021200421200421201,540
1.9175070855574807,1.917507085557504,-0.0080019228650596262,0.70284724239118046,2025,0.020891127780392784,541
3.9803526498862261,3.9803526498862261,-0.27802002826810285,0.45197927004078314,2025,0.020770055834561291,193
-1.0003307972213034,0.33390471035195401,-1.0003307972213034,1.3342355075732573,2025,0.020770055834561291,165
0.93419128693039555,0.93419128693040376,-0.82941412118175628,1.1634651977966961,2025,0.020681021532298449,538
-1.0038810478829283,0,-1.0038810478829283,1.0038810478829283,2025,0.021005671531313455,138
0.7741586863198342,0.7741586863198342,-0.49817377643020472,0.88403230164210256,2025,0.021084126364664325,541
-0.11230096659046243,0.45935106084308391,-0.50880359363093319,0.96815465447401716,2025,0.021126619339830746,540
-0.99906751960214168,0.066005574829061595,-0.99906751960214168,1.0650730944312032,2025,0.020985822287284173,257
-0.0084007560680461248,0.49632466922025775,-0.9394645518096385,1.4298786890820174,2025,0.020441839765578902,537
-1.0004901127259269,0,-1.0004901127259269,1.0004901127259269,2025,0.02030467007411705,62
0.063369644589822846,0.082015424781702109,-0.96890035911130112,1.0509157838930032,2025,0.0200262081245186,539
0.25951949002195068,0.61284567350582053,-0.28386572983591279,0.62552496266376956,2025,0.019926029127284025,541
0.60620563292850216,1.0043253201437734,-0.10000300369454895,0.48976240776155022,2025,0.019974568719525014,541
-0.2634689679393909,0,-0.90513270784203526,0.90513270784203526,2025,0.019878581104811603,540
-0.44273936330264191,0.16198270847124432,-0.7567451003991803,0.9127600248741331,2025,0.020079837916992638,540
0.1352253588900473,0.76203985884997127,-0.11592750020048206,0.626814499959924,2025,0.020350469163525543,539
-1.0027110301914728,0.38860767091493953,-1.0027110301914728,1.3913187011064123,2025,0.020517796762769856,536
0.18124441857898274,0.49601147891353314,-0.55100791683806594,0.57899278554298961,2025,0.020298812975988602,541
0.38760723162029981,0.55688286699272638,-0.18045979315318877,0.73734266014591521,2025,0.020133488334803173,540
-1.0037857922621611,0.088084769697678186,-1.0037857922621611,1.0918705619598392,2025,0.020190892064859235,487
-0.52115552085522954,2.9132088582658882e-14,-0.86885278720356773,0.86885278720359682,2025,0.019969370289180506,540
0.57248686795781711,0.59849031637197558,-0.12398251734230825,0.47760535707125623,2025,0.020209310718152292,539
-1.0053447033389382,0.037973416606645279,-1.0053447033389382,1.0433181199455834,2025,0.020107694771398829,488
0.82604556068912305,0.82604556068912305,-0.18561019853875318,0.40803175016787574,2025,0.020344962366830699,540
0.72272494964374834,0.72272494964376,-0.32826263415805135,0.52619026145165015,2025,0.020272775556424056,539
0.33541038458841327,0.33541038458844008,-0.36953146131572134,0.52559080754550058,2025,0.020126025585798579,486
-0.78670907667917556,0.17376733358754803,-0.78670907667917556,0.96047641026672359,2025,0.020298609299432082,537
-0.66649995498784675,0.13809728626731896,-0.66649995498784675,0.80459724125516574,2025,0.02051553919558281,536
-0.04240774289117314,0.28341223689086548,-0.32229684419131049,0.5521113791274479,2025,0.02066839487143558,539
0.79110691962718083,0.79110691962719959,-0.37439426926046543,0.48032064852066259,2025,0.020787976683755881,540
0.57762655468585578,0.5835797111617046,-0.74171919943069997,0.90363703785364147,2025,0.020555427494763429,537
-0.0004001960960870827,0.32772058308573881,-0.20263929325367336,0.50471731148262766,2025,0.020800192094126126,541
-0.35891532617291116,0,-0.65272619893690564,0.65272619893690564,2025,0.020600394390446541,532
0.37815024961405058,0.40612907753078864,-0.5595665336727792,0.64952783848266038,2025,0.020630751649056679,538
-0.16427088244440208,0.36261774117507428,-0.16427088244440208,0.5268886236194763,2025,0.020644203472800406,537
-1.00150436265169,2.9188477040150139e-14,-1.00150436265169,1.001504362651719,2025,0.020639855581185435,146
0.032895923069217674,0.41360312531305549,-0.31420414704993949,0.45243914654911721,2025,0.020685164780126216,539
-0.38686481783360505,0.17353561820568625,-0.55336980328224417,0.69739276534886852,2025,0.020581852366713001,538
-0.87120832916207835,5.8271759849301641e-14,-0.87120832916207835,0.87120832916213664,2025,0.020812894183601965,539
-0.27997355716260341,0.094002283699657477,-0.45191209759804363,0.54591438129770109,2025,0.02061339369779042,538
0.71417400980421641,0.7893897927882183,-0.36047036179358827,0.5674315559431784,2025,0.020490611811173596,538
0.24326057121104355,0.34702423289225187,-0.45983390601360447,0.66551796680123465,2025,0.020686615309097104,539
-0.17723990827066163,0.21772699506305171,-0.30335773440547564,0.52108472946852735,2025,0.020819355290960257,540
0.31501875468867219,0.31501875468867452,-0.15396849212302377,0.36619154788697755,2025,0.020795198799699929,540
0.72216539302404881,0.84590930059973501,-0.020007220651044526,0.26771566680707981,2025,0.020639027618990311,539
0.43758150919925359,0.66635902168901995,-0.2186252282257217,0.67034168656326298,2025,0.021418109588491399,537
-0.16862253845768402,0.25005762389141428,-0.52145111990775972,0.771508743799174,2025,0.021255699754472113,538
0.64999299845966119,0.64999299845969605,-0.45402988657501042,0.55755266158554184,2025,0.021214667226789892,539
-0.074452423158970049,0.18994681969777624,-0.50115674668746313,0.6911035663852394,2025,0.021382287253753164,421
0.15611717288901777,0.65224174659216705,-0.58725459800575386,1.2394963445979208,2025,0.021282341057516328,539
-0.1403396218849616,0.5482768299284676,-0.22639788287653792,0.77467471280500555,2025,0.021471962148399127,539
0.11867123479794033,0.16195828574867455,-0.49479072749491532,0.61680791809419955,2025,0.021668570054697359,538
0.83691528443728169,1.0218821009219661,0,0.61750367871550726,2025,0.021581797615591751,540
0.94895366517285529,1.1268705985915879,-0.29207346350830404,0.74501840588988377,2025,0.021917013444302177,539
-0.12035701406419042,0.23387226028772518,-0.26615779140116347,0.5000300516888887,2025,0.021947750130223986,540
0.56870504317858506,0.61243463102850804,-0.28843495161190807,0.48442164739827304,2025,0.02187982127471999,540
0.32068730860837019,0.61129235634374912,-0.081960650881617469,0.36761203290434574,2025,0.021646018053359486,540
-0.22049462171563761,0.41793229276314825,-0.4227241285976,0.84065642136074825,2025,0.021964251701703207,539
-0.039172817715019258,0.45518092105268526,-0.28719712772782235,0.74237804878050762,2025,0.021762676508344032,539
0.37629691944077237,0.37638705283824603,-0.72526338981687311,1.0028442094299423,2025,0.021732163602131153,540
0.20437846453022723,0.36973366345569403,-0.21016228786797886,0.43173183909544977,2025,0.021822154950331293,365
0.47280347283348001,0.5327478594863303,-0.8445826998479099,0.8445826998479099,2025,0.021845242858285988,539
